<?xml version="1.0" encoding="UTF-8" standalone="yes"?>
<addon id="plugin.video.KDFlecha" name="KDFlecha" version="1.0.0" provider-name="KDFlecha">
  <requires>
    <import addon="xbmc.python" version="2.1.0"/>
  </requires>
  <extension point="xbmc.python.pluginsource" library="default.py">
        <provides>video executable</provides>
  </extension>
  <extension point="xbmc.addon.metadata">
    <summary lang="en">KDFlecha</summary>
    <description lang="es">KDFlecha</description>
	<website></website>
    <platform>all</platform>
  </extension>
</addon>
